Total Time(s),Time_c1(s),Time_c2(s),Time_c3(s),Time_c4(s),Time_o1(s),Time_o2(s),var1,var2,var3,var4,var5,var6,c1,c2,c3,c4,penalty,feasible,o1,o2
491.202999830246,0.01399993896484375,0.016000032424926758,0.019999980926513672,0.009000062942504883,490.19599986076355,0.07300019264221191,3.0,802.0,116.0,3.0,6.0,1.0,0.0,0.0,0.0,0.0,0.0,1.0,-45.0,2671.4287281055767
